Entrez ID,Promoter,Chr,Instances,Locations,Strands,FIMO P-values,Matching Sequences,Overlap w/ Footprints (bp)
90529,24735262-24746587,chr1,1,24746026-24746042,+,5.06e-06,CACTAGACCACCATGGA,17
8703,161142758-161152758,chr1,1,161143326-161143342,-,1.33e-07,TCTAAGACCACCTTTGA,17
824,223884294-223894294,chr1,1,223884290-223884306,+,5.68e-06,GGGGAGACCACCACTAC,13
127943,161687456-161697456,chr1,1,161695688-161695704,-,8.86e-06,TTGTAGACCACCTTGTC,17
1296,36560850-36570850,chr1,1,36565457-36565473,+,9.75e-07,TGGAAGACCACCTGTGC,17
63036,15778222-15788222,chr1,1,15780407-15780423,-,5.68e-06,CTTAAGACCCCCAGTGC,17
26027,55008806-55018806,chr1,1,55013201-55013217,-,3.97e-06,TGAGAGACCACCAGGGT,17
83442,26601212-26611212,chr1,1,26603722-26603738,+,1.78e-06,TTAAGGACCACCATGTC,17
57657,155242217-155252217,chr1,1,155252044-155252060,-,2.36e-06,GTTGGGACCACCATTTG,17
1969,16477582-16487582,chr1,1,16478787-16478803,-,6.38e-06,TTCAAGACCACCCTCAG,17
59352,202158117-202177904,chr1,1,202162228-202162244,-,5.06e-06,CTGGGGACCACCTTGAT,17
10352,119678295-119688295,chr1,1,119683624-119683640,-,5.68e-06,AAAAAGACCACTTATAT,17
2224,155273538-155283704,chr1,1,155277356-155277372,-,5.06e-07,TTGAAGACCACCAGAGG,17
10885,118467371-118477371,chr1,1,118472074-118472090,-,4.49e-06,GATGGGACCACCAGAGT,17
723790,149817627-149827627,chr1,1,149821116-149821132,-,9.84e-06,AGAAGGACCACCAATTT,17
3491,86041443-86051443,chr1,2,86045377-86045393;86051418-86051434,-;-,9.84e-06;5.06e-07,CAGGAGACCACCGTGGA;CTCAAGACCACCAGGAT,17;17
85414,205644630-205654630,chr1,1,205647660-205647676,+,3.07e-06,CAGGAGACCACCAGGGA,17
3570,154372668-154382668,chr1,1,154379891-154379907,-,7.15e-06,CATGAGACCACCTCTCC,17
3914,209819679-209830820,chr1,1,209827318-209827334,-,7.97e-06,AAAGAGACCACCAGGTG,17
4817,161082861-161092907,chr1,1,161089500-161089516,-,7.15e-06,AGTAGGACCACCCCTAA,17
5202,161082866-161092866,chr1,1,161089500-161089516,-,7.15e-06,AGTAGGACCACCCCTAA,17
54587,1288915-1298915,chr1,1,1295004-1295020,-,5.68e-06,CCTGAGACCACCACTCT,17
5511,28152251-28162324,chr1,1,28161707-28161723,-,7.15e-06,TGAAAGACCACCAGCTC,17
54834,118467302-118477302,chr1,1,118472074-118472090,-,4.49e-06,GATGGGACCACCAGAGT,17
6421,35653743-35663743,chr1,1,35658027-35658043,+,9.84e-06,TTTGGGACCACCCGGAC,17
54964,151015258-151025258,chr1,1,151021167-151021183,+,7.15e-06,ACCAGGACCACCACTAC,17
55600,160849960-160859960,chr1,1,160854621-160854637,-,7.15e-06,ATAGCGACCACCAGAGG,17
79654,45472027-45482027,chr1,1,45480270-45480286,-,9.84e-06,CACAGGACCACCTTCAC,17
284613,110031657-110041700,chr1,1,110041048-110041064,-,5.06e-07,CAGGAGACCACCAGTGC,17
6146,6254679-6264679,chr1,1,6260256-6260272,+,1.33e-06,TTGAGGACCACCAGGAG,17
375035,168190254-168200254,chr1,1,168195074-168195090,-,2.69e-06,TTGAAGACCACCAGGCG,17
65243,40911336-40921336,chr1,1,40916915-40916931,-,2.93e-07,GAAAAGACCACCACTAC,17
6487,44168203-44178203,chr1,1,44172531-44172547,+,5.06e-06,TTAAAGACCACCCCGAC,17
6518,9124887-9134887,chr1,1,9129394-9129410,+,7.97e-06,TAAAAGACCACCTGCTG,17
55706,54299225-54309225,chr1,1,54304503-54304519,-,7.15e-06,GAGAAGACCACCACATC,17
80342,209924393-209934393,chr1,1,209925222-209925238,+,3.07e-06,AGTGAGACCACCTTTCT,17
6646,179257848-179267848,chr1,1,179262837-179262853,+,7.15e-06,CTGGGGACCACCAATAG,17
25874,167901307-167911307,chr1,1,167905782-167905798,-,8.86e-06,ATGACGACCACCCTGGG,17
23463,6291044-6301044,chr1,1,6298867-6298883,+,6.38e-06,CTCAGGACCACCAGAGG,17
23576,86039046-86049046,chr1,1,86045377-86045393,-,9.84e-06,CAGGAGACCACCGTGGA,17
55827,167900796-167910796,chr1,1,167905782-167905798,-,8.86e-06,ATGACGACCACCCTGGG,17
23673,28094693-28104693,chr1,1,28097244-28097260,-,2.02e-07,ATAAAGACCACCTGTAG,17
7389,45472804-45482804,chr1,1,45480270-45480286,-,9.84e-06,CACAGGACCACCTTCAC,17
64754,246665644-246675644,chr1,1,246670705-246670721,-,2.05e-06,CTTACGACCACCTTCAG,17
57185,24737244-24747244,chr1,1,24746026-24746042,+,5.06e-06,CACTAGACCACCATGGA,17
151556,175346816-175356816,chr2,1,175351667-175351683,+,4.49e-06,GAGAAGACCACCGTCAT,17
151194,208484696-208494973,chr2,1,208492123-208492139,+,2.02e-07,TGGAAGACCACCAGTGA,17
53335,60775633-60785633,chr2,1,60778248-60778264,-,2.69e-06,TAAAGGACCACCTATAC,17
2335,216295791-216305791,chr2,1,216298620-216298636,+,7.97e-06,TTCGAGACCACCCTGAC,17
130813,11268178-11278178,chr2,1,11268755-11268771,-,4.49e-06,TCTAAGACCACCCTGGG,17
80326,219740254-219750254,chr2,1,219741507-219741523,+,7.15e-06,TCAGAGACCACCAGAGG,17
285180,218928737-218938737,chr2,1,218933455-218933471,-,4.22e-07,TGTGAGACCACCAGTGA,17
2571,171668199-171678199,chr2,1,171673568-171673584,+,8.86e-06,CTAGCGACCACCTGGAC,17
129642,9138876-9148876,chr2,1,9141618-9141634,+,7.15e-06,TACGAGACCACCAGCAG,17
130589,38888051-38898051,chr2,1,38891081-38891097,-,7.15e-06,AGGAAGACCACTTTTTT,17
2744,191740546-191750546,chr2,1,191746858-191746874,+,5.06e-06,GTATAGACCACCTGTTT,17
699,111430684-111440684,chr2,1,111436879-111436895,+,1.78e-06,AATGAGACCACCACTTC,17
653140,24392971-24402971,chr2,1,24394262-24394278,-,8.86e-06,CACTAGACCACCAGGGA,17
11250,105853199-105863199,chr2,1,105854583-105854599,-,8.86e-06,TGTGCGACCACCAGGGG,17
57665,18736959-18746959,chr2,1,18741903-18741919,+,7.05e-07,CAAGAGACCACCTGTAC,17
64395,70051817-70061817,chr2,1,70055275-70055291,-,6.38e-06,ATGTGGACCACCATGAG,17
8440,106356519-106366519,chr2,1,106363280-106363296,-,9.84e-06,CAGAAGACCACTAAGAT,17
55619,225902330-225912330,chr2,1,225905108-225905124,+,3.5e-06,GTCAGGACCACCTTTGC,17
9792,64876046-64886046,chr2,1,64881355-64881371,+,5.68e-06,CCGAGGACCACCACTGC,17
56910,96869573-96879573,chr2,1,96873779-96873795,+,6.38e-06,TAAAAGACCACCGGGTA,17
9839,145272958-145282958,chr2,1,145273030-145273046,+,2.69e-06,GTAAGGACCACCTTAAA,17
55233,74400995-74410995,chr2,1,74406347-74406363,-,6.38e-06,AAAAAGACCACTAGAGG,17
81553,16842134-16852134,chr2,1,16843774-16843790,+,9.84e-06,CTTAAGACCACTTTCTT,17
55571,101864344-101874344,chr2,1,101872194-101872210,+,7.15e-06,GGAACGACCACCTGTGG,17
2122,169376563-169386563,chr3,1,169378304-169378320,+,1.54e-06,CTTAAGACCACCAAAGA,17
93,38490789-38500789,chr3,1,38497230-38497246,-,5.06e-06,AACACGACCACCACTTC,17
4291,158283952-158293952,chr3,1,158288731-158288747,-,2.69e-06,CATTAGACCACCCTTTC,17
151742,160468995-160478995,chr3,1,160472509-160472525,+,8.86e-06,TGGGAGACCACCACTTG,17
200942,49204017-49214017,chr3,1,49211985-49212001,-,8.86e-06,AGCAAGACCACCAGGGG,17
4345,112046915-112056915,chr3,1,112052918-112052934,-,7.97e-06,TCACAGACCACCATTCT,17
6498,170070472-170082410,chr3,1,170072785-170072801,-,2.69e-06,AGCAAGACCACCATGAG,17
131544,97535883-97545883,chr3,1,97542181-97542197,-,8.86e-06,TTTAAGCCCACCAGGAA,17
131870,131095514-131105608,chr3,1,131100834-131100850,-,4.49e-06,GAGGAGACCACCAGAGA,17
254827,174572110-174582110,chr3,1,174573109-174573125,+,2.02e-07,TTTGAGACCACCTGTGT,17
941,119273481-119283481,chr3,1,119277788-119277804,+,5.06e-06,TTGGAGACCACCCTAGA,17
26084,153833791-153844148,chr3,2,153838751-153838767;153839483-153839499,+;-,8.83e-08;7.15e-06,TTTAAGACCACCTGAAT;CAAAAGACCACCCGCAG,17;17
6657,181424711-181434711,chr3,1,181425837-181425853,-,1.61e-08,TTGACGACCACCAGTAT,17
23609,12593512-12603512,chr3,1,12602622-12602638,-,4.49e-06,TTCTAGACCACCATCAC,17
132228,50311517-50321517,chr3,1,50313562-50313578,+,2.69e-06,TTGAAGACCACCAGCTC,17
377047,46781245-46791245,chr3,1,46784989-46785005,+,4.49e-06,CTCAAGACCACCAGACA,17
25886,52183706-52193706,chr3,1,52188249-52188265,+,8.86e-06,AAGAGGACCACCCTGGA,17
51738,10327419-10339631,chr3,1,10334573-10334589,+,7.05e-07,GATAAGACCACCAGCAA,17
1582,42912633-42922633,chr3,1,42918938-42918954,+,5.68e-06,TTCAGGACCACCACAGT,17
79413,111309182-111319182,chr3,1,111311892-111311908,-,1.78e-06,TTCCAGACCACCAGTAT,17
200959,97749148-97759148,chr3,1,97758616-97758632,+,2.36e-06,CGCAAGACCACCACTAG,17
55573,133287433-133298300,chr3,1,133291473-133291489,+,1.54e-06,CTTTAGACCACCTTTTG,17
116441,149046259-149056548,chr3,1,149050122-149050138,-,5.06e-06,AATCAGACCACCAATAA,17
5912,152875028-152885028,chr3,1,152883184-152883200,-,1.33e-06,ACTAAGACCACCTTAAG,17
285331,56586183-56596183,chr3,1,56591315-56591331,-,5.68e-06,CTGACGACCACCTTGCT,17
55214,189833908-189845226,chr3,1,189836253-189836269,+,2.02e-07,TGTAAGACCACCAGAAA,17
56999,64668365-64678365,chr3,1,64671203-64671219,+,3.97e-06,TCAAGGACCACCCTTGC,17
55435,113147894-113157894,chr4,1,113153467-113153483,-,7.05e-07,AAGACGACCACCAGTCT,17
84286,921261-931261,chr4,1,929918-929934,+,8.3e-07,TTTAAGACCACCCTGGC,17
4487,4856391-4866391,chr4,1,4863161-4863177,-,2.05e-06,TTTCAGACCACCAGGAT,17
5196,74842841-74852841,chr4,1,74851207-74851223,-,5.68e-06,CTCAGGACCACCTGGAT,17
2580,921174-931174,chr4,1,929918-929934,+,8.3e-07,TTTAAGACCACCCTGGC,17
4886,164248947-164258947,chr4,1,164254404-164254420,-,3.07e-06,TTTTCGACCACCAGGGA,17
9079,16895424-16905424,chr4,1,16900717-16900733,-,6.38e-06,GGTTAGACCACCTCTAT,17
5473,74848907-74858907,chr4,1,74851207-74851223,-,5.68e-06,CTCAGGACCACCTGGAT,17
3516,26316331-26327428,chr4,1,26321673-26321689,-,9.84e-06,GTTGAGACCACTACTGC,17
100507096,107283592-107293592,chr4,1,107287254-107287270,+,7.15e-06,GAATAGACCACCAGGGA,17
116449,10681386-10691386,chr4,1,10689809-10689825,+,1.14e-06,TATGGGACCACCAGAAA,17
4131,71398117-71408117,chr5,1,71403473-71403489,-,7.15e-06,CCGACGACCACCAGCAA,17
26762,156480487-156490970,chr5,1,156486304-156486320,-,9.84e-06,ATACAGACCACCACTGC,17
57556,115905551-115915551,chr5,1,115911738-115911754,+,5.68e-06,ACTAAGACCACTAATAA,17
309,150532443-150542443,chr5,1,150534819-150534835,+,8.3e-07,TTAAGGACCACCAGGAC,17
100190949,157093560-157103560,chr5,1,157098692-157098708,+,2.69e-06,CAGGCGACCACCAGTTC,17
51735,130965929-130975929,chr5,1,130971697-130971713,+,7.97e-06,AAACAGACCACCCTTAG,17
51752,96138892-96154848,chr5,1,96148632-96148648,-,7.97e-06,CTGAAGACCACTTGAGT,17
153443,121292655-121302655,chr5,1,121298199-121298215,-,1.54e-06,TTCAAGACCACCAATTT,17
23262,102450957-102470009,chr5,1,102455766-102455782,-,4.49e-06,TTTAGGACCACCTCGGT,17
3101,176321333-176331333,chr5,1,176326781-176326797,-,7.15e-06,TCAAGGACCACTTTTGT,17
54545,32308114-32318114,chr5,1,32311559-32311575,-,5.68e-06,GTAAAGACCACCTGGGG,17
64839,107712799-107722799,chr5,1,107715675-107715691,-,1.14e-06,TTTAAGACCACCTGACT,17
27190,148753838-148763838,chr5,1,148763423-148763439,-,7.97e-06,AACAAGACCACCTCTTG,17
54826,102450842-102460842,chr5,1,102455766-102455782,-,4.49e-06,TTTAGGACCACCTCGGT,17
1611,10756387-10766387,chr5,1,10757847-10757863,+,6.38e-06,AAGAGGACCACCTGCAT,17
153396,87559665-87569665,chr5,1,87565071-87565087,+,4.22e-07,GTAAAGACCACCTTTGG,17
728780,74911139-74921139,chr5,1,74912369-74912385,-,5.06e-06,ATGAGGACCACCCTGAA,17
153328,135165364-135175364,chr5,1,135170733-135170749,-,5.68e-06,TGCAAGACCACCAGGGG,17
114801,130682425-130692425,chr6,1,130691178-130691194,-,6.38e-06,GCAAGGACCACCTTTGG,17
8336,27855963-27865963,chr6,1,27860159-27860175,-,5.06e-06,TTCGAGACCACCCTGAT,17
8348,27856202-27866202,chr6,1,27860159-27860175,-,5.06e-06,TTCGAGACCACCCTGAT,17
8356,27853570-27863570,chr6,1,27860159-27860175,-,5.06e-06,TTCGAGACCACCCTGAT,17
55809,42414783-42424783,chr6,1,42418402-42418418,+,4.49e-06,CTTAAGACCACCGGCAG,17
10758,111922477-111932477,chr6,1,111926058-111926074,+,6.38e-06,TTGAAGACCACCCATTA,17
10767,135371036-135381036,chr6,1,135374459-135374475,+,5.06e-06,TTTTAGACCACCCTCAA,17
23328,148658728-148668728,chr6,1,148662067-148662083,+,2.05e-06,TTTGAGACCACCTTGGG,17
154075,130681570-130691570,chr6,1,130691178-130691194,-,6.38e-06,GCAAGGACCACCTTTGG,17
2941,52855178-52865178,chr6,1,52860988-52861004,-,2.69e-06,TTCAAGACCACCCTGGT,17
27115,136167833-136177833,chr6,1,136173432-136173448,-,2.05e-06,TTAAAGACCACCTCAGT,17
285848,36205944-36215944,chr6,1,36212985-36213001,-,7.15e-06,ACTCAGACCACCATTCT,17
84947,158584312-158594312,chr6,1,158588985-158589001,+,9.84e-06,CTCGCGACCACCAGAGA,17
404672,158584378-158594378,chr6,1,158588985-158589001,+,9.84e-06,CTCGCGACCACCAGAGA,17
116113,41509163-41519163,chr6,1,41512342-41512358,+,2.69e-06,TCAGAGACCACCATGAG,17
56895,161690107-161700107,chr6,1,161695137-161695153,-,6.38e-06,CTGAGGACCACTTTTTT,17
3662,386738-396738,chr6,1,390416-390432,-,5.06e-06,TTTTAGACCACCACCAC,17
91749,111575481-111585481,chr6,1,111580841-111580857,-,9.84e-06,CAGGAGACCACCACCAC,17
135112,126097306-126116908,chr6,1,126101448-126101464,+,8.86e-06,CACTAGACCACCAGGGA,17
7920,31665850-31675850,chr6,1,31671255-31671271,+,5.68e-06,TGGAAGACCACTAGAAC,17
9972,17701818-17711818,chr6,2,17705654-17705670;17710776-17710792,+;-,9.75e-07;8.83e-08,TATAAGACCACCAACAT;TATGGGACCACCATTGT,17;17
221481,35699858-35709858,chr6,1,35708913-35708929,-,6.38e-06,AAAGAGACCACCACAGA,17
4049,31534875-31545070,chr6,1,31536400-31536416,+,4.49e-06,ACAAAGACCACTATAAA,17
4082,114173526-114183526,chr6,1,114177205-114177221,-,5.68e-06,AATCAGACCACCTTTTC,17
2037,131379462-131389462,chr6,1,131382376-131382392,+,6.38e-06,CACAAGACCACTACTGA,17
4232,130121015-130136898,chr7,1,130130273-130130289,+,3.5e-06,TTCAAGACCACCCTTCG,17
221785,99209570-99219570,chr7,1,99214428-99214444,-,6.38e-06,GCGAAGACCACCAGGGC,17
65999,150015295-150025295,chr7,1,150019509-150019525,-,5.68e-06,GTGAGGACCACCAGAGG,17
51678,24608084-24618084,chr7,1,24614307-24614323,-,2.36e-06,TACAAGACCACTTGTAA,17
64005,45013704-45023704,chr7,1,45020383-45020399,+,9.84e-06,GTCAAGACCACTCTTAG,17
653857,150015758-150025758,chr7,1,150019509-150019525,-,5.68e-06,GTGAGGACCACCAGAGG,17
813,128374345-128384345,chr7,1,128379028-128379044,-,2.05e-06,CACAAGACCACCAGGGC,17
84792,6383590-6393590,chr7,1,6388035-6388051,+,9.84e-06,ATAAGGACCACCTCAGT,17
6624,5627435-5637435,chr7,1,5631823-5631839,-,3.51e-07,CTGAAGACCACCAGGAC,17
2887,50856159-50866159,chr7,1,50859777-50859793,+,8.3e-07,AAATAGACCACCATTTC,17
4951,97614416-97624416,chr7,1,97615691-97615707,+,9.84e-06,AGAAGGACCACCATACA,17
1021,92458231-92470941,chr7,1,92461824-92461840,+,5.68e-06,CCTTAGACCACCAGGAG,17
23386,44525385-44535385,chr7,1,44530387-44530403,-,4.49e-06,TCTAAGACCACCTCAAG,17
29923,128090883-128100883,chr7,1,128096239-128096255,-,3.97e-06,GTTAGGACCACCTTAGG,17
1358,129901702-129911702,chr7,1,129904286-129904302,+,9.84e-06,TTTTGGACCCCCATTAT,17
1365,73179600-73189600,chr7,1,73189431-73189447,-,5.06e-06,TGAAGGACCACCAGATT,17
3955,2547162-2564478,chr7,1,2559850-2559866,+,7.15e-06,GTCAAGACCACCAAAAA,17
55262,99751302-99761302,chr7,1,99756573-99756589,+,4.49e-06,TTCAAGACCACCCTGGC,17
51366,103419917-103429917,chr8,1,103426482-103426498,-,9.84e-06,TAACAGACCACCTCTGT,17
26986,101729315-101739315,chr8,1,101733037-101733053,+,8.86e-06,CTGAGGACCACCACCAC,17
340419,109090913-109100913,chr8,1,109091022-109091038,+,9.84e-06,CATCGGACCACCAGAAA,17
137886,59318822-59328822,chr8,1,59324190-59324206,-,3.97e-06,TTCACGACCACCACAGT,17
10947,42005463-42015463,chr8,1,42012781-42012797,-,6.38e-06,ATCAAGACCACCAGGCA,17
11030,30236943-30246943,chr8,1,30239906-30239922,+,2.36e-06,CCTAAGACCACCACTCA,17
2875,145724464-145734464,chr8,1,145733049-145733065,+,3.97e-06,CCAGAGACCACCTTTGG,17
80778,146007725-146017725,chr8,1,146017247-146017263,+,4.49e-06,CGGAAGACCACCTTGGC,17
9583,23310244-23320244,chr8,1,23315098-23315114,+,7.97e-06,CGGGGGACCACCAGTGG,17
286187,67935786-67945786,chr8,1,67941037-67941053,+,7.97e-06,TGGCAGACCACCATTTC,17
113655,145729551-145739551,chr8,1,145733049-145733065,+,3.97e-06,CCAGAGACCACCTTTGG,17
6132,146012729-146022805,chr8,1,146017247-146017263,+,4.49e-06,CGGAAGACCACCTTGGC,17
2298,113417-123417,chr9,1,115224-115240,-,7.15e-06,GAAGAGACCACTTTTAG,17
27348,132560431-132570431,chr9,1,132561287-132561303,+,5.06e-07,CTTACGACCACCACAAT,17
7248,135815020-135825020,chr9,1,135822305-135822321,+,4.49e-06,TATGGGACCACCAGGGG,17
9314,110247047-110257047,chr9,1,110250576-110250592,-,5.06e-06,CAGGGGACCACCACTGA,17
25853,34121771-34131771,chr9,1,34126963-34126979,+,9.75e-07,GTGAGGACCACCAGTGC,17
10044,130512561-130546048,chr9,1,130533083-130533099,+,9.75e-07,CTCAAGACCACCTTTCT,17
643418,90516162-90526162,chr10,1,90519621-90519637,+,7.15e-06,ATGTAGACCACTATTTC,17
2625,8091666-8101666,chr10,1,8093677-8093693,+,6.38e-06,ATCAGGACCACCTTTCC,17
2665,5850512-5860512,chr10,1,5851778-5851794,-,3.5e-06,TTAAAGACCACTGGTAG,17
6832,70934992-70944992,chr10,1,70939795-70939811,-,5.06e-06,ATTGGGACCACCTTTCC,17
6934,114705008-114715008,chr10,1,114714825-114714841,-,5.98e-07,GGAAGGACCACCATTAA,17
4892,115418829-115428829,chr10,1,115426749-115426765,-,4.49e-06,AAGGCGACCACCATCAA,17
11067,45469330-45479330,chr10,1,45471547-45471563,+,2.05e-06,TTTGAGACCACCACAGA,17
57178,80823791-80833791,chr10,1,80828048-80828064,-,9.84e-06,AAGAGGACCACCACCAC,17
220213,23723197-23733197,chr10,1,23731621-23731637,-,7.15e-06,CTTAATACCACCATAAT,17
54462,86083409-86093409,chr10,1,86089128-86089144,-,8.86e-06,CCAAGGACCACCACAAA,17
25805,28961423-28971423,chr10,1,28965545-28965561,+,7.15e-06,AGCAAGACCACCTTGAG,17
7414,75752871-75762871,chr10,1,75752975-75752991,-,8.86e-06,TTGGAGACCACTAATGT,17
3559,6099333-6109333,chr10,1,6108112-6108128,+,7.15e-06,TTTAAGACCACTTTCTT,17
9748,105722469-105732469,chr10,1,105726209-105726225,-,5.68e-06,TTTAAGACCACTTCTCT,17
8031,51560107-51577363,chr10,1,51561794-51561810,-,5.06e-06,TCAGAGACCACCTCTAA,17
29015,57189523-57200053,chr11,1,57193029-57193045,-,5.06e-06,TTCAAGACCACCGTGGC,17
54843,85517178-85527178,chr11,1,85527002-85527018,+,9.84e-06,TTCGAGACCACCCTAGA,17
57476,123391527-123401527,chr11,1,123396022-123396038,-,9.75e-07,CACAAGACCACCTTAAA,17
653486,188079-198079,chr11,1,188760-188776,-,1.78e-06,CATGGGACCACCATCAT,17
221,67771047-67782789,chr11,1,67777327-67777343,-,8.3e-07,AATAAGACCACTACTAC,17
627,27736294-27748605,chr11,1,27740369-27740385,-,9.84e-06,CTCAAGACCACTGTTTT,17
23201,73304228-73314228,chr11,1,73309433-73309449,+,8.3e-07,TCAAAGACCACCTGTGA,17
11095,130293539-130303539,chr11,1,130297630-130297646,-,4.49e-06,GAGGAGACCACCAGGAG,17
7003,12690968-12700968,chr11,1,12697813-12697829,-,9.84e-06,CATCAGACCACCTGAAC,17
338692,67051761-67061761,chr11,1,67058451-67058467,+,9.84e-06,CTGAAGACCACTGTAGT,17
85016,101913168-101923168,chr11,1,101917628-101917644,-,1.78e-06,TTTTAGACCACTTTTGT,17
3145,118950586-118963696,chr11,1,118956267-118956283,-,9.84e-06,TGGGAGACCACTATAAC,17
57558,77894857-77904857,chr11,1,77897217-77897233,+,1.54e-06,TTTGAGACCACCTGGAC,17
5450,111245157-111255157,chr11,1,111246680-111246696,+,9.84e-06,TTGCAGACCACTATTTT,17
83875,112041207-112052088,chr11,1,112046100-112046116,-,1.78e-06,AATTAGACCACCAATAG,17
283219,77894664-77904664,chr11,1,77897217-77897233,+,1.54e-06,TTTGAGACCACCTGGAC,17
26579,69056621-69066621,chr11,1,69065579-69065595,-,8.86e-06,GATGGGACCACCACAAA,17
56935,93271546-93281546,chr11,1,93281132-93281148,-,4.49e-06,ATGCAGACCACCATTCT,17
9846,78123868-78133868,chr11,1,78131640-78131656,+,1.54e-06,TTAAAGACCACTGGTAT,17
3784,2461220-2471220,chr11,1,2465390-2465406,-,3.07e-06,GATGGGACCACCACTGT,17
147199,188079-198079,chr11,1,188760-188776,-,1.78e-06,CATGGGACCACCATCAT,17
258010,22846382-22856382,chr11,1,22854727-22854743,-,1.78e-06,TTTAAGACCACTGTAAT,17
4054,65320699-65330699,chr11,1,65325231-65325247,+,3.97e-06,GCAAAGACCACCTTGAA,17
58516,31474121-31484159,chr12,1,31479973-31479989,-,2.36e-06,CCCAAGACCACCAGTTA,17
8408,132374278-132384278,chr12,1,132379625-132379641,-,5.68e-06,TTGAAGACCACCGCGAA,17
57609,50893767-50903767,chr12,1,50899619-50899635,+,1.33e-07,TTTTAGACCACCTTTGT,17
84274,120961964-120971964,chr12,1,120967084-120967100,-,3.07e-06,TTAGAGACCACCCTTTG,17
55711,29296935-29306935,chr12,1,29302297-29302313,+,6.38e-06,TAGAGGACCACTAGTTG,17
55766,14922269-14932269,chr12,1,14926782-14926798,-,9.84e-06,GTAGAGACCACCCTGGT,17
55596,122980543-122990543,chr12,2,122985817-122985833;122986936-122986952,+;+,8.86e-06;3.07e-06,TTGGAGACCACCCTGGG;GTAAGGACCACCATGTT,17;17
51729,14951401-14961401,chr12,1,14956947-14956963,+,3.97e-06,TTGTAGACCACCTGAAC,17
23085,1095403-1105403,chr12,1,1099798-1099814,+,7.15e-06,CAGAAGACCACTAATTT,17
100289635,133527868-133537892,chr12,1,133533358-133533374,+,5.06e-06,TAGGAGACCACCTGAGC,17
53919,20843288-20853398,chr12,1,20848319-20848335,-,5.06e-06,GAAAAGACCACTTGTGA,17
121504,14919065-14929065,chr12,1,14926782-14926798,-,9.84e-06,GTAGAGACCACCCTGGT,17
6895,53889704-53900376,chr12,1,53894173-53894189,+,7.15e-06,AACAAGACCACCAAGGT,17
11021,120549643-120559643,chr12,1,120554428-120554444,-,9.84e-06,ACTACGACCACCTCTTC,17
894,4377901-4387901,chr12,1,4380766-4380782,-,5.68e-06,TTTAAGACCCCCATAAG,17
23371,53435809-53448834,chr12,1,53440513-53440529,-,7.97e-06,GAGAGGACCACCCGTGG,17
7296,104604556-104614556,chr12,1,104613666-104613682,+,4.49e-06,CCTAAGACCACCTGCAA,17
144608,14951505-14961505,chr12,1,14956947-14956963,+,3.97e-06,TTGTAGACCACCTGAAC,17
1368,69352020-69362020,chr12,1,69356966-69356982,+,8.86e-06,CATAAGACCCCCATTCC,17
196527,45604769-45614769,chr12,1,45609155-45609171,-,9.84e-06,CCGAAGACCACTAGAGT,17
113246,7048202-7058202,chr12,1,7053098-7053114,-,5.06e-06,ATCAAGACCACCAAAAC,17
7786,53888444-53898444,chr12,1,53894173-53894189,+,7.15e-06,AACAAGACCACCAAGGT,17
5777,7050739-7065433,chr12,1,7053098-7053114,-,5.06e-06,ATCAAGACCACCAAAAC,17
3736,5014072-5024072,chr12,1,5018014-5018030,-,5.68e-06,CTTGGGACCACCCTTCT,17
26290,4824751-4834751,chr12,1,4829953-4829969,-,3.5e-06,GTGGAGACCACCCGTAA,17
55504,24139508-24158498,chr13,1,24144176-24144192,-,7.97e-06,TATGAGACCACTCTAAA,17
5925,48872882-48882882,chr13,1,48878569-48878585,-,6.38e-06,CAGACGACCACCGGAGT,17
55269,20352159-20362159,chr13,1,20356724-20356740,-,8.86e-06,CAGAGGACCACCCGGAC,17
23348,99733660-99743660,chr13,1,99740113-99740129,-,1.33e-06,TTCAAGACCACCACTCT,17
10206,50566142-50576142,chr13,1,50572015-50572031,-,3.07e-06,ACAAAGACCACCAATGA,17
22862,49545047-49555047,chr13,1,49554452-49554468,-,7.97e-06,TTACAGACCACCAGCAT,17
51292,24696647-24707102,chr14,1,24702006-24702022,-,7.97e-06,CCAAAGACCACCTTGCT,17
4331,61196458-61206458,chr14,1,61201605-61201621,+,6.38e-06,TGTAAGACCACCAAATA,17
84334,104024298-104034298,chr14,1,104029336-104029352,-,3.5e-06,CGCAAGACCACCATGGC,17
10668,54971586-54981586,chr14,1,54976729-54976745,-,8.86e-06,GTAAAGACCACCGCGAT,17
122622,105185533-105201227,chr14,1,105191992-105192008,-,3.07e-06,CTGAGGACCACCTCTAG,17
4738,24696576-24706576,chr14,1,24702006-24702022,-,7.97e-06,CCAAAGACCACCTTGCT,17
145553,24680276-24690276,chr14,1,24682786-24682802,+,6.38e-06,AACGAGACCACCGGTGT,17
23428,23647869-23657869,chr14,1,23651920-23651936,+,9.84e-06,AGGAGGACCACCAGAGG,17
29082,24678036-24688036,chr14,1,24682786-24682802,+,6.38e-06,AACGAGACCACCGGTGT,17
9529,104023655-104034151,chr14,1,104029336-104029352,-,3.5e-06,CGCAAGACCACCATGGC,17
388021,105066097-105076097,chr14,1,105070573-105070589,-,8.86e-06,ATGACGACCACCGGTCC,17
10038,20806772-20816772,chr14,1,20811573-20811589,-,3.97e-06,TATGAGACCACTTTTTC,17
100528064,24696576-24706576,chr14,1,24702006-24702022,-,7.97e-06,CCAAAGACCACCTTGCT,17
51458,90034799-90044799,chr15,1,90041457-90041473,-,5.68e-06,TTCAAGACCACCCTGGG,17
567,44998684-45008684,chr15,1,45003005-45003021,-,8.86e-06,AAAACGACCACTAATAG,17
23168,41704301-41714301,chr15,1,41709422-41709438,+,9.84e-06,CGGGGGACCACCATGGT,17
11001,50469392-50479392,chr15,1,50475263-50475279,+,1.14e-06,TTTAGGACCACCTGTTG,17
23478,85254691-85264691,chr15,1,85260404-85260420,+,5.98e-07,GATGAGACCACCAGTGG,17
10073,75913446-75923719,chr15,1,75917478-75917494,-,9.84e-06,GCTAAGACCACCTGGGG,17
58489,80982651-80992651,chr15,1,80983878-80983894,-,1.14e-06,CTCAAGACCACTTTTAT,17
10116,68565140-68575140,chr15,2,68569839-68569855;68574512-68574528,-;+,9.84e-06;9.84e-06,AAGGAGACCACCCTATT;GTGGAGACCACCTGTCC,17;17
5597,52306410-52316410,chr15,1,52312307-52312323,-,9.84e-06,TTACAGACCACCACTTA,17
26108,55876050-55886050,chr15,1,55881770-55881786,-,5.68e-06,TTCCAGACCACCCTTAT,17
6187,2009827-2019827,chr16,1,2015161-2015177,-,4.49e-06,TCGAAGACCACCAGCGA,17
23019,58658790-58668790,chr16,1,58663346-58663362,+,7.97e-06,ACAGAGACCACCATGGG,17
162239,75177420-75187420,chr16,1,75186708-75186724,-,7.15e-06,CTAGAGACCACCTGGGA,17
6923,2822297-2832297,chr16,1,2827088-2827104,-,2.69e-06,CACAAGACCACCATCTT,17
64400,53532170-53542170,chr16,1,53538540-53538556,-,2.69e-06,AAGGAGACCACCTGTGG,17
1039,22380938-22390938,chr16,1,22385562-22385578,-,3.07e-06,GGTACGACCACCAGGAC,17
1071,56990834-57000834,chr16,1,56998841-56998857,+,1.33e-06,TTCAAGACCACCTGTCT,17
146310,2011874-2021874,chr16,1,2015161-2015177,-,4.49e-06,TCGAAGACCACCAGCGA,17
1428,21309404-21319404,chr16,1,21314633-21314649,-,7.15e-06,GCCAAGACCACCTTAAA,17
57567,58028762-58038762,chr16,1,58035362-58035378,-,3.97e-06,TCCAAGACCACCAGAGC,17
79650,58030276-58040276,chr16,1,58035362-58035378,-,3.97e-06,TCCAAGACCACCAGAGC,17
71,79474892-79484892,chr17,1,79478098-79478114,-,9.84e-06,CACGAGACCACCTTCAA,17
729220,47918271-47928271,chr17,1,47918716-47918732,+,7.97e-06,CTTAGGACCACCCCTCT,17
4239,19285532-19295532,chr17,1,19290659-19290675,+,3.5e-06,CAGGGGACCACCTGTGT,17
163,33909281-33919281,chr17,1,33915575-33915591,-,6.38e-06,ATTGAGACCACCTTCTT,17
201254,79975785-79985785,chr17,1,79981289-79981305,-,7.97e-06,TTGGGGACCACCCGTGC,17
84314,8074714-8084714,chr17,1,8079537-8079553,+,4.49e-06,ATGACGACCACCAGATG,17
409,4608788-4618788,chr17,1,4609547-4609563,-,8.86e-06,GAAAAGACCACTTTGGT,17
27043,4602632-4612632,chr17,1,4609547-4609563,-,8.86e-06,GAAAAGACCACTTTGGT,17
6752,71156159-71166159,chr17,1,71160516-71160532,+,2.05e-06,AAGGGGACCACCTGTAT,17
642,28614184-28624184,chr17,1,28618245-28618261,+,4.22e-07,TTTAAGACCACTCTTAA,17
390790,37317414-37327414,chr17,1,37321341-37321357,-,8.3e-07,GGAAAGACCACCATTCT,17
9043,49193226-49203226,chr17,1,49198794-49198810,-,4.49e-06,TTCGAGACCACCTTTCC,17
7153,38569202-38579202,chr17,1,38576320-38576336,+,7.97e-06,CACAGGACCACCAGGGG,17
9212,8108944-8118944,chr17,1,8116288-8116304,+,5.68e-06,TTCAAGACCACCCTGGG,17
1145,4801369-4811369,chr17,1,4802848-4802864,+,3.97e-06,GTGGCGACCACCATGAC,17
400569,4629722-4639722,chr17,1,4634577-4634593,-,5.06e-06,CACAGGACCACCCGTAG,17
7473,44891082-44901082,chr17,1,44898983-44898999,-,5.68e-06,CAAGAGACCACCCTTCC,17
9703,26967177-26977177,chr17,1,26968827-26968843,+,4.49e-06,AGTGAGACCACTATTTT,17
5635,74345230-74355230,chr17,1,74350397-74350413,-,7.97e-06,GAGAAGACCACTTTTTG,17
100130311,4797947-4807947,chr17,1,4802848-4802864,+,3.97e-06,GTGGCGACCACCATGAC,17
201255,79976279-79986279,chr17,1,79981289-79981305,-,7.97e-06,TTGGGGACCACCCGTGC,17
10238,61622795-61632795,chr17,1,61628586-61628602,-,6.38e-06,TGCACGACCACCAATAG,17
1068,575368-585368,chr18,1,581269-581285,-,9.75e-07,TTTAAGACCACCAAAGA,17
51320,48719051-48729051,chr18,1,48721851-48721867,+,5.68e-06,CTTTAGACCACCTGGGA,17
80000,18817202-18827202,chr18,1,18823024-18823040,+,3.97e-06,CTGAGGACCACTCTTAT,17
23327,55706609-55719457,chr18,1,55711082-55711098,+,4.49e-06,AAAAAGACCACCGGGAG,17
10627,3242527-3252527,chr18,1,3246339-3246355,+,5.06e-06,CTTAGGACCCCCATTAC,17
90233,58188336-58198336,chr19,1,58189206-58189222,+,9.84e-06,TTAAGGACCACTTTTCC,17
147694,57896217-57906217,chr19,1,57901240-57901256,-,7.97e-06,AAAACGACCACCACCAG,17
333,36354400-36364400,chr19,1,36360928-36360944,-,3.07e-06,ACAAAGACCACCAGATT,17
57719,17440638-17450638,chr19,1,17448300-17448316,-,2.05e-06,TTCTCGACCACCATTGG,17
148229,1807236-1817275,chr19,1,1813186-1813202,+,3.07e-06,ATTGAGACCACCCTAAG,17
115950,11611738-11621738,chr19,1,11617041-11617057,-,5.06e-06,CCGAGGACCACCAGGAA,17
256949,8403146-8413146,chr19,1,8405506-8405522,+,5.68e-06,CCTGGGACCACCTGTGT,17
51129,8424010-8434010,chr19,1,8429703-8429719,+,9.84e-06,TTCAAGACCACCTAAAG,17
10782,58689395-58699395,chr19,1,58693446-58693462,+,3.07e-06,TACACGACCACCAGAGG,17
404037,19368596-19378596,chr19,1,19372224-19372240,+,2.36e-06,GAGAAGACCACTTTTAG,17
84705,17440790-17453325,chr19,1,17448300-17448316,-,2.05e-06,TTCTCGACCACCATTGG,17
2865,35844487-35854487,chr19,1,35849895-35849911,-,3.97e-06,ACGAAGACCACCAGGGC,17
125950,10439314-10449314,chr19,1,10443631-10443647,-,3.5e-06,CATTGGACCACCAGTTG,17
3191,39335617-39347979,chr19,1,39340802-39340818,-,8.86e-06,AAAGCGACCACCTATAA,17
3726,12897309-12907309,chr19,1,12903210-12903226,+,5.68e-06,CCGACGACCACCATCAG,17
4099,35777988-35787988,chr19,1,35786677-35786693,-,5.68e-06,TTGAAGACCACCGGGGG,17
5032,10217196-10227196,chr19,1,10222581-10222597,+,7.97e-06,TTCGAGACCACCCTGAC,17
5678,43768682-43778682,chr19,1,43769835-43769851,+,3.5e-06,CTACAGACCACCATTTC,17
54869,55582220-55596759,chr19,1,55594173-55594189,+,5.98e-07,TTTAAGACCACCAGACC,17
5886,13051627-13061627,chr19,1,13057195-13057211,-,9.75e-07,GATTCGACCACCAGTGT,17
6415,48276841-48286841,chr19,1,48281633-48281649,+,7.05e-07,GAAAAGACCACCCTTGA,17
23309,16935208-16945208,chr19,1,16935732-16935748,-,5.68e-06,GTGAGGACCACCAGAGG,17
23370,7454998-7464998,chr19,1,7456697-7456713,+,7.15e-06,TAGGAGACCACCCCTGC,17
23476,15386262-15396262,chr19,1,15387548-15387564,+,8.86e-06,GTGGAGACCACCAGACT,17
7593,59079942-59089942,chr19,1,59084584-59084600,-,8.86e-06,ATTGCGACCACCGCTAG,17
81857,50316535-50326535,chr19,1,50321833-50321849,-,3.51e-07,AGGAGGACCACCATTAA,17
57473,62596223-62606223,chr20,1,62601703-62601719,+,9.84e-06,CCTGAGACCACTTTTGC,17
182,10649694-10659694,chr20,1,10652545-10652561,+,5.68e-06,CAGAAGACCACCCCTTC,17
4318,44632546-44642546,chr20,1,44634220-44634236,-,3.5e-06,ATTAGGACCACCTTCAG,17
57580,47439420-47449420,chr20,1,47441445-47441461,-,3.5e-06,TAAAGGACCACCCTGGT,17
27111,1301513-1314879,chr20,1,1303862-1303878,+,7.97e-06,CTTTAGACCACCTGGGG,17
9777,30692308-30702308,chr20,1,30697460-30697476,+,7.15e-06,CAGACGACCACCTTGTG,17
128602,56720982-56730982,chr20,1,56724714-56724730,+,7.15e-06,GTTGGGACCACCCTAAT,17
1869,32269210-32279210,chr20,1,32275525-32275541,-,1.54e-06,CTAAGGACCACCCTTGC,17
539,35283158-35293158,chr21,1,35288010-35288026,+,3.5e-06,CTCAGGACCACCTTTCT,17
386684,46069576-46079576,chr21,1,46077823-46077839,+,5.06e-07,ATAAAGACCACCAGAGA,17
6285,48020035-48030035,chr21,1,48028682-48028698,+,8.86e-06,GCAAGGACCACCAGAAG,17
386683,46072848-46082848,chr21,1,46077823-46077839,+,5.06e-07,ATAAAGACCACCAGAGA,17
8214,18888735-18898735,chr22,1,18893340-18893356,-,7.97e-06,GACAAGACCACCCTAGA,17
8218,19274239-19284239,chr22,1,19279748-19279764,-,7.97e-06,TATGGGACCACCGTCAT,17
10587,19924359-19934359,chr22,1,19931584-19931600,+,1.78e-06,TACAAGACCACCTGAGT,17
2678,24974717-24984717,chr22,1,24979577-24979593,-,3.07e-06,TTCACGACCACCAGCAA,17
8897,30274157-30284157,chr22,1,30278891-30278907,+,9.75e-07,TGTAGGACCACCTTTGG,17
23654,50741001-50751001,chr22,1,50744193-50744209,+,7.05e-07,CTTCAGACCACCATTGA,17
25809,43480434-43490434,chr22,1,43482484-43482500,-,2.05e-06,AGTTAGACCACCAGTGG,17
1312,19924262-19944044,chr22,1,19931584-19931600,+,1.78e-06,TACAAGACCACCTGAGT,17
85379,25418940-25428940,chr22,1,25421181-25421197,+,5.06e-06,TGCAGGACCACCAGTTC,17
5594,22216970-22226970,chr22,1,22221057-22221073,+,1.54e-06,GCGGAGACCACCATTAG,17
6303,23796274-23806274,chrX,1,23799433-23799449,+,7.15e-06,CAAAAGACCACCCCTCA,17
2239,132544205-132554205,chrX,1,132546496-132546512,-,8.86e-06,TGGAAGACCACCAAGGA,17
412,7132471-7142471,chrX,1,7138487-7138503,+,5.06e-06,TTACAGACCACCATTCG,17
6906,105277718-105287718,chrX,1,105279301-105279317,-,1.14e-06,GACAAGACCACCACTGT,17
203523,134473695-134483695,chrX,1,134478443-134478459,-,2.69e-06,GTGGGGACCACCTTTAA,17
58526,38655684-38668072,chrX,1,38656476-38656492,+,7.15e-06,CCTGAGACCACCATCTT,17
1183,10119984-10129984,chrX,1,10124386-10124402,+,7.15e-06,AAACAGACCACCAGAAA,17
54552,54551643-54561643,chrX,1,54561444-54561460,-,7.15e-06,AAACAGACCACCAGTCT,17
9500,51541154-51551154,chrX,1,51546428-51546444,-,5.06e-06,AAAGGGACCACCAGAGT,17
10214,48211142-48221142,chrX,1,48218971-48218987,-,4.49e-06,TACAGGACCACCTGTCT,17
